,city,country,plan_name,plan_type,start year
0,"Autonomous City of Buenos Aires, Argentina",Argentina,"Autonomous City of Buenos Aires, Argentina",Climate mitigation plan,2014
1,"Autonomous City of Buenos Aires, Argentina",Argentina,"Autonomous City of Buenos Aires, Argentina",Climate adaptation /resilience plan,2018
2,"Adelaide City Council, Australia",Australia,"Adelaide City Council, Australia",,
3,"Adelaide City Council, Australia",Australia,"Adelaide City Council, Australia",,
4,"Australian Capital Territory Government, Australia",Australia,"Australian Capital Territory Government, Australia",,2012
5,"Byron Shire Council, Australia",Australia,"Byron Shire Council, Australia",,2004
6,"City of Joondalup, Australia",Australia,"City of Joondalup, Australia",Integrated climate plan,2014
7,"City of Sydney, Australia",Australia,"City of Sydney, Australia",Climate adaptation /resilience plan,2018
8,"City of Sydney, Australia",Australia,"City of Sydney, Australia",Climate mitigation plan,2018
9,"Melbourne City Council, Australia",Australia,"Melbourne City Council, Australia",Climate mitigation plan,2014
10,"Melbourne City Council, Australia",Australia,"Melbourne City Council, Australia",Climate adaptation /resilience plan,2018
11,"Mornington Peninsula Shire Council, Australia",Australia,"Mornington Peninsula Shire Council, Australia",Climate adaptation /resilience plan,2018
12,"Mornington Peninsula Shire Council, Australia",Australia,"Mornington Peninsula Shire Council, Australia",Climate mitigation plan,2013
13,"Port Phillip City Council, Australia",Australia,"Port Phillip City Council, Australia",Climate adaptation /resilience plan,2018
14,"Port Phillip City Council, Australia",Australia,"Port Phillip City Council, Australia",Climate mitigation plan,2018
15,"Tweed Shire Council, Australia",Australia,"Tweed Shire Council, Australia",Climate adaptation /resilience plan,2009
16,"Tweed Shire Council, Australia",Australia,"Tweed Shire Council, Australia",,2003
17,"Tweed Shire Council, Australia",Australia,"Tweed Shire Council, Australia",,2017
18,"Yarra City Council, Australia",Australia,"Yarra City Council, Australia",,2013
19,"Yarra City Council, Australia",Australia,"Yarra City Council, Australia",,2010
20,"Municipality of Belo Horizonte, Brazil",Brazil,"Municipality of Belo Horizonte, Brazil",Integrated climate plan,2014
21,"Municipality of Fortaleza, Brazil",Brazil,"Municipality of Fortaleza, Brazil",,
22,"Municipality of Porto Alegre, Brazil",Brazil,"Municipality of Porto Alegre, Brazil",,2016
23,"Municipality of Recife, Brazil",Brazil,"Municipality of Recife, Brazil",,2014
24,"Municipality of Rio de Janeiro, Brazil",Brazil,"Municipality of Rio de Janeiro, Brazil",Climate mitigation plan,2013
25,"Municipality of Sorocaba, Brazil",Brazil,"Municipality of Sorocaba, Brazil",Climate mitigation plan,
26,"City of North Vancouver, Canada",Canada,"City of North Vancouver, Canada",,2014
27,"City of Thunder Bay, ON, Canada",Canada,"City of Thunder Bay, ON, Canada",Integrated climate plan,2014
28,"City of Vancouver, BC, Canada",Canada,"City of Vancouver, BC, Canada",Climate mitigation plan,
29,"City of Vancouver, BC, Canada",Canada,"City of Vancouver, BC, Canada",Climate adaptation /resilience plan,2018
30,"City of Vancouver, BC, Canada",Canada,"City of Vancouver, BC, Canada",Climate adaptation /resilience plan,2012
31,"City of Vancouver, BC, Canada",Canada,"City of Vancouver, BC, Canada",Climate mitigation plan,2015
32,"City of Vancouver, BC, Canada",Canada,"City of Vancouver, BC, Canada",,2011
33,"Town of Halton Hills, ON, Canada",Canada,"Town of Halton Hills, ON, Canada",Climate mitigation plan,2015
34,"Municipality of Independencia, Chile",Chile,"Municipality of Independencia, Chile",Climate mitigation plan,2016
35,"Municipality of Independencia, Chile",Chile,"Municipality of Independencia, Chile",Climate mitigation plan,2015
36,"Municipality of Providencia, Chile",Chile,"Municipality of Providencia, Chile",Climate mitigation plan,2016
37,"Municipality of Santiago, Chile",Chile,"Municipality of Santiago, Chile",Climate adaptation /resilience plan,2015
38,"Municipality of Santiago, Chile",Chile,"Municipality of Santiago, Chile",Climate mitigation plan,2016
39,"Municipality of Santiago, Chile",Chile,"Municipality of Santiago, Chile",Climate mitigation plan,2016
40,"Municipality of Valdivia, Chile",Chile,"Municipality of Valdivia, Chile",Climate adaptation /resilience plan,2015
41,"Kaohsiung City Government, Chinese Taipei",Chinese Taipei,"Kaohsiung City Government, Chinese Taipei",Climate adaptation /resilience plan,2013
42,"Kaohsiung City Government, Chinese Taipei",Chinese Taipei,"Kaohsiung City Government, Chinese Taipei",Climate mitigation plan,2014
43,"New Taipei City Government, Chinese Taipei",Chinese Taipei,"New Taipei City Government, Chinese Taipei",Climate mitigation plan,2018
44,"New Taipei City Government, Chinese Taipei",Chinese Taipei,"New Taipei City Government, Chinese Taipei",Climate adaptation /resilience plan,2018
45,"Taichung City Government, Chinese Taipei",Chinese Taipei,"Taichung City Government, Chinese Taipei",Climate mitigation plan,2018
46,"Taichung City Government, Chinese Taipei",Chinese Taipei,"Taichung City Government, Chinese Taipei",Climate adaptation /resilience plan,
47,"Tainan City Government, Chinese Taipei",Chinese Taipei,"Tainan City Government, Chinese Taipei",Climate adaptation /resilience plan,2018
48,"Tainan City Government, Chinese Taipei",Chinese Taipei,"Tainan City Government, Chinese Taipei",Climate mitigation plan,2014
49,"Taipei City Government, Chinese Taipei",Chinese Taipei,"Taipei City Government, Chinese Taipei",Integrated climate plan,2018
50,"Taoyuan City Government, Chinese Taipei",Chinese Taipei,"Taoyuan City Government, Chinese Taipei",,2016
51,"Capital District of Bogotá, Colombia",Colombia,"Capital District of Bogotá, Colombia",,2015
52,"Capital District of Bogotá, Colombia",Colombia,"Capital District of Bogotá, Colombia",Integrated climate plan,2018
53,"City of San Jerónimo de Montería, Colombia",Colombia,"City of San Jerónimo de Montería, Colombia",,2015
54,"Municipality of Ibagué, Colombia",Colombia,"Municipality of Ibagué, Colombia",Climate mitigation plan,2016
55,"Municipality of Ibagué, Colombia",Colombia,"Municipality of Ibagué, Colombia",Climate adaptation /resilience plan,2016
56,"Municipality of Ibagué, Colombia",Colombia,"Municipality of Ibagué, Colombia",Integrated climate plan,2016
57,"Municipality of Ibagué, Colombia",Colombia,"Municipality of Ibagué, Colombia",Integrated climate plan,2016
58,"Municipality of Santiago de Cali, Colombia",Colombia,"Municipality of Santiago de Cali, Colombia",,2016
59,"City of Copenhagen, Denmark",Denmark,"City of Copenhagen, Denmark",Climate adaptation /resilience plan,2018
60,"Hoeje-Taastrup Municipality, Denmark",Denmark,"Hoeje-Taastrup Municipality, Denmark",Climate mitigation plan,2018
61,"Hoeje-Taastrup Municipality, Denmark",Denmark,"Hoeje-Taastrup Municipality, Denmark",Climate adaptation /resilience plan,2018
62,"Municipality of Santa Cruz, Ecuador",Ecuador,"Municipality of Santa Cruz, Ecuador",,2014
63,"Municipality of Santa Cruz, Ecuador",Ecuador,"Municipality of Santa Cruz, Ecuador",,2016
64,"Municipality of Santa Cruz, Ecuador",Ecuador,"Municipality of Santa Cruz, Ecuador",,2016
65,"Municipality of Santa Cruz, Ecuador",Ecuador,"Municipality of Santa Cruz, Ecuador",,2012
66,"Municipality of Santa Cruz, Ecuador",Ecuador,"Municipality of Santa Cruz, Ecuador",,2016
67,"Municipality of the Metropolitan District of Quito, Ecuador",Ecuador,"Municipality of the Metropolitan District of Quito, Ecuador",Climate mitigation plan,2016
68,"City of Paris, France",France,"City of Paris, France",Climate mitigation plan,2018
69,"City of Freiburg im Breisgau, Germany",Germany,"City of Freiburg im Breisgau, Germany",Climate mitigation plan,2018
70,"Municipality of Guatemala, Guatemala",Guatemala,"Municipality of Guatemala, Guatemala",,2008
71,"Municipality of Guatemala, Guatemala",Guatemala,"Municipality of Guatemala, Guatemala",,
72,"Municipality of Guatemala, Guatemala",Guatemala,"Municipality of Guatemala, Guatemala",,2007
73,"Municipality of Guatemala, Guatemala",Guatemala,"Municipality of Guatemala, Guatemala",,2008
74,"Municipality of La Antigua Guatemala, Guatemala",Guatemala,"Municipality of La Antigua Guatemala, Guatemala",,2016
75,"Municipality of La Antigua Guatemala, Guatemala",Guatemala,"Municipality of La Antigua Guatemala, Guatemala",,2011
76,"Municipality of La Antigua Guatemala, Guatemala",Guatemala,"Municipality of La Antigua Guatemala, Guatemala",,2008
77,"Municipality of La Antigua Guatemala, Guatemala",Guatemala,"Municipality of La Antigua Guatemala, Guatemala",,2016
78,"Municipality of Pachalum, Guatemala",Guatemala,"Municipality of Pachalum, Guatemala",,2016
79,"Municipality of Pachalum, Guatemala",Guatemala,"Municipality of Pachalum, Guatemala",,2017
80,"Municipality of Villa Nueva, Guatemala",Guatemala,"Municipality of Villa Nueva, Guatemala",,2014
81,"Bengaluru Municipal Corporation, India",India,"Bengaluru Municipal Corporation, India",Climate adaptation /resilience plan,2014
82,"Coimbatore City Municipal Corporation, India",India,"Coimbatore City Municipal Corporation, India",Integrated climate plan,2013
83,"Greater Hyderabad Municipal Corporation, India",India,"Greater Hyderabad Municipal Corporation, India",,2017
84,"Greater Hyderabad Municipal Corporation, India",India,"Greater Hyderabad Municipal Corporation, India",,2012
85,"Greater Hyderabad Municipal Corporation, India",India,"Greater Hyderabad Municipal Corporation, India",,2017
86,"Greater Hyderabad Municipal Corporation, India",India,"Greater Hyderabad Municipal Corporation, India",,2017
87,"Kochi Municipal Corporation, India",India,"Kochi Municipal Corporation, India",Integrated climate plan,2016
88,"Panaji City Municipal Corporation, India",India,"Panaji City Municipal Corporation, India",,2015
89,"Rajkot Municipal Corporation, India",India,"Rajkot Municipal Corporation, India",Climate mitigation plan,2016
90,"Surat Municipal Corporation, India",India,"Surat Municipal Corporation, India",Climate mitigation plan,2011
91,"Surat Municipal Corporation, India",India,"Surat Municipal Corporation, India",Climate adaptation /resilience plan,2016
92,"City of Balikpapan, Indonesia",Indonesia,"City of Balikpapan, Indonesia",Climate adaptation /resilience plan,2016
93,"City of Balikpapan, Indonesia",Indonesia,"City of Balikpapan, Indonesia",Climate mitigation plan,2014
94,"City of Balikpapan, Indonesia",Indonesia,"City of Balikpapan, Indonesia",Climate mitigation plan,2012
95,"City of Balikpapan, Indonesia",Indonesia,"City of Balikpapan, Indonesia",Climate mitigation plan,2017
96,"City of Bekasi, Indonesia",Indonesia,"City of Bekasi, Indonesia",Integrated climate plan,2016
97,"City of Bekasi, Indonesia",Indonesia,"City of Bekasi, Indonesia",Climate mitigation plan,2014
98,"City of Bekasi, Indonesia",Indonesia,"City of Bekasi, Indonesia",Integrated climate plan,2014
99,"City of Bekasi, Indonesia",Indonesia,"City of Bekasi, Indonesia",,2015
100,"City of Bekasi, Indonesia",Indonesia,"City of Bekasi, Indonesia",Climate mitigation plan,2014
101,"City of Bogor, Indonesia",Indonesia,"City of Bogor, Indonesia",Climate mitigation plan,2017
102,"City of Bogor, Indonesia",Indonesia,"City of Bogor, Indonesia",Climate mitigation plan,2011
103,"City of Bogor, Indonesia",Indonesia,"City of Bogor, Indonesia",Climate mitigation plan,2013
104,"City of Bogor, Indonesia",Indonesia,"City of Bogor, Indonesia",Integrated climate plan,2012
105,"City of Bogor, Indonesia",Indonesia,"City of Bogor, Indonesia",,2014
106,"City of Malang, Indonesia",Indonesia,"City of Malang, Indonesia",Integrated climate plan,2017
107,"City of Malang, Indonesia",Indonesia,"City of Malang, Indonesia",Integrated climate plan,2017
108,"City of Malang, Indonesia",Indonesia,"City of Malang, Indonesia",Climate adaptation /resilience plan,2015
109,"City of Malang, Indonesia",Indonesia,"City of Malang, Indonesia",Climate mitigation plan,2017
110,"City of Probolinggo, Indonesia",Indonesia,"City of Probolinggo, Indonesia",Climate adaptation /resilience plan,2013
111,"City of Probolinggo, Indonesia",Indonesia,"City of Probolinggo, Indonesia",Integrated climate plan,2013
112,"City of Probolinggo, Indonesia",Indonesia,"City of Probolinggo, Indonesia",,2013
113,"City of Probolinggo, Indonesia",Indonesia,"City of Probolinggo, Indonesia",,2013
114,"City of Probolinggo, Indonesia",Indonesia,"City of Probolinggo, Indonesia",Integrated climate plan,2013
115,"Special Capital Region of Jakarta, Indonesia",Indonesia,"Special Capital Region of Jakarta, Indonesia",Climate mitigation plan,2010
116,"Special Capital Region of Jakarta, Indonesia",Indonesia,"Special Capital Region of Jakarta, Indonesia",Climate mitigation plan,2004
117,"Special Capital Region of Jakarta, Indonesia",Indonesia,"Special Capital Region of Jakarta, Indonesia",Climate mitigation plan,2011
118,"Special Capital Region of Jakarta, Indonesia",Indonesia,"Special Capital Region of Jakarta, Indonesia",Climate mitigation plan,
119,"Special Capital Region of Jakarta, Indonesia",Indonesia,"Special Capital Region of Jakarta, Indonesia",Climate mitigation plan,2008
120,"Tangerang City, Indonesia",Indonesia,"Tangerang City, Indonesia",Climate mitigation plan,2017
121,"Tangerang City, Indonesia",Indonesia,"Tangerang City, Indonesia",Climate mitigation plan,2017
122,"Tangerang City, Indonesia",Indonesia,"Tangerang City, Indonesia",Climate mitigation plan,2017
123,"Tangerang City, Indonesia",Indonesia,"Tangerang City, Indonesia",Climate mitigation plan,2017
124,"Tangerang City, Indonesia",Indonesia,"Tangerang City, Indonesia",Climate mitigation plan,2017
125,"Aichi Prefecture, Japan",Japan,"Aichi Prefecture, Japan",Integrated climate plan,2012
126,"Aichi Prefecture, Japan",Japan,"Aichi Prefecture, Japan",Climate mitigation plan,2016
127,"Kawasaki City, Japan",Japan,"Kawasaki City, Japan",Climate mitigation plan,2010
128,"Kitakyushu City, Japan",Japan,"Kitakyushu City, Japan",Climate mitigation plan,2016
129,"Sapporo City, Japan",Japan,"Sapporo City, Japan",Climate mitigation plan,2015
130,"Tokyo Metropolitan Government, Japan",Japan,"Tokyo Metropolitan Government, Japan",Integrated climate plan,2016
131,"Yokohama City, Japan",Japan,"Yokohama City, Japan",Climate mitigation plan,2011
132,"Alor Gajah Municipal Council, Malaysia",Malaysia,"Alor Gajah Municipal Council, Malaysia",Climate mitigation plan,2014
133,"City of Kota Kinabalu, Malaysia",Malaysia,"City of Kota Kinabalu, Malaysia",Climate mitigation plan,
134,"City of Kota Kinabalu, Malaysia",Malaysia,"City of Kota Kinabalu, Malaysia",Climate mitigation plan,2011
135,"City of Kota Kinabalu, Malaysia",Malaysia,"City of Kota Kinabalu, Malaysia",Climate mitigation plan,2010
136,"City of Kota Kinabalu, Malaysia",Malaysia,"City of Kota Kinabalu, Malaysia",Climate mitigation plan,2012
137,"Hang Tuah Jaya Municipal Council, Malaysia",Malaysia,"Hang Tuah Jaya Municipal Council, Malaysia",Climate mitigation plan,
138,"Jasin Municipal Council, Malaysia",Malaysia,"Jasin Municipal Council, Malaysia",Integrated climate plan,2014
139,"Melaka Historic City Council, Malaysia",Malaysia,"Melaka Historic City Council, Malaysia",Climate adaptation /resilience plan,2017
140,"Melaka Historic City Council, Malaysia",Malaysia,"Melaka Historic City Council, Malaysia",Climate adaptation /resilience plan,2017
141,"City of Tuxtla Gutiérrez, Mexico",Mexico,"City of Tuxtla Gutiérrez, Mexico",,
142,"City of Tuxtla Gutiérrez, Mexico",Mexico,"City of Tuxtla Gutiérrez, Mexico",,
143,"City of Tuxtla Gutiérrez, Mexico",Mexico,"City of Tuxtla Gutiérrez, Mexico",,
144,"City of Tuxtla Gutiérrez, Mexico",Mexico,"City of Tuxtla Gutiérrez, Mexico",,
145,"City of Tuxtla Gutiérrez, Mexico",Mexico,"City of Tuxtla Gutiérrez, Mexico",,2014
146,"Guadalajara Metropolitan Area, Mexico",Mexico,"Guadalajara Metropolitan Area, Mexico",Climate mitigation plan,2017
147,"Guadalajara Metropolitan Area, Mexico",Mexico,"Guadalajara Metropolitan Area, Mexico",Climate mitigation plan,2013
148,"Guadalajara Metropolitan Area, Mexico",Mexico,"Guadalajara Metropolitan Area, Mexico",Climate mitigation plan,2012
149,"Muncipality of Banderilla, Mexico",Mexico,"Muncipality of Banderilla, Mexico",,
150,"Municipality of León de los Aldamas, Mexico",Mexico,"Municipality of León de los Aldamas, Mexico",Climate mitigation plan,2018
151,"Municipality of León de los Aldamas, Mexico",Mexico,"Municipality of León de los Aldamas, Mexico",Climate adaptation /resilience plan,
152,"Municipality of Merida, Mexico",Mexico,"Municipality of Merida, Mexico",,
153,"Municipality of Queretaro, Mexico",Mexico,"Municipality of Queretaro, Mexico",,
154,"Quelimane Municipal Council, Mozambique",Mozambique,"Quelimane Municipal Council, Mozambique",Climate adaptation /resilience plan,2018
155,"City of Windhoek, Namibia",Namibia,"City of Windhoek, Namibia",,2008
156,"Oslo Municipality, Norway",Norway,"Oslo Municipality, Norway",Climate mitigation plan,2018
157,"Oslo Municipality, Norway",Norway,"Oslo Municipality, Norway",Climate adaptation /resilience plan,2013
158,"Karachi City District, Pakistan",Pakistan,"Karachi City District, Pakistan",Integrated climate plan,2017
159,"Karachi City District, Pakistan",Pakistan,"Karachi City District, Pakistan",Climate adaptation /resilience plan,2017
160,"Karachi City District, Pakistan",Pakistan,"Karachi City District, Pakistan",Integrated climate plan,2017
161,"Karachi City District, Pakistan",Pakistan,"Karachi City District, Pakistan",Climate adaptation /resilience plan,2007
162,"District Municipality of San Isidro, Peru",Peru,"District Municipality of San Isidro, Peru",,2016
163,"District Municipality of San Isidro, Peru",Peru,"District Municipality of San Isidro, Peru",Integrated climate plan,2016
164,"Municipalidad Provincial de Tambopata, Peru",Peru,"Municipalidad Provincial de Tambopata, Peru",Integrated climate plan,2015
165,"Municipalidad Provincial de Tambopata, Peru",Peru,"Municipalidad Provincial de Tambopata, Peru",Climate mitigation plan,2014
166,"Municipalidad Provincial de Tambopata, Peru",Peru,"Municipalidad Provincial de Tambopata, Peru",Climate adaptation /resilience plan,2014
167,"Municipalidad Provincial de Tambopata, Peru",Peru,"Municipalidad Provincial de Tambopata, Peru",Climate mitigation plan,2015
168,"Municipalidad de Santiago de Surco, Peru",Peru,"Municipalidad de Santiago de Surco, Peru",Integrated climate plan,2016
169,"Municipalidad de Santiago de Surco, Peru",Peru,"Municipalidad de Santiago de Surco, Peru",Integrated climate plan,2016
170,"Municipalidad de Santiago de Surco, Peru",Peru,"Municipalidad de Santiago de Surco, Peru",Integrated climate plan,2016
171,"Municipalidad de Santiago de Surco, Peru",Peru,"Municipalidad de Santiago de Surco, Peru",Integrated climate plan,2016
172,"Municipalidad de Santiago de Surco, Peru",Peru,"Municipalidad de Santiago de Surco, Peru",Integrated climate plan,2015
173,"Municipality of Magdelena Del Mar, Peru",Peru,"Municipality of Magdelena Del Mar, Peru",,2016
174,"Municipality of Magdelena Del Mar, Peru",Peru,"Municipality of Magdelena Del Mar, Peru",,2016
175,"Municipality of Magdelena Del Mar, Peru",Peru,"Municipality of Magdelena Del Mar, Peru",,2016
176,"Municipality of Magdelena Del Mar, Peru",Peru,"Municipality of Magdelena Del Mar, Peru",,2016
177,"Municipality of Magdelena Del Mar, Peru",Peru,"Municipality of Magdelena Del Mar, Peru",,2016
178,"Municipality of Tahuamanu, Peru",Peru,"Municipality of Tahuamanu, Peru",Climate mitigation plan,2017
179,"Municipality of Tahuamanu, Peru",Peru,"Municipality of Tahuamanu, Peru",Climate adaptation /resilience plan,
180,"City of Batangas, Philippines",Philippines,"City of Batangas, Philippines",Climate mitigation plan,2017
181,"City of Catbalogan, Philippines",Philippines,"City of Catbalogan, Philippines",Climate adaptation /resilience plan,2016
182,"City of Catbalogan, Philippines",Philippines,"City of Catbalogan, Philippines",Climate adaptation /resilience plan,2015
183,"City of Parañaque, Philippines",Philippines,"City of Parañaque, Philippines",Climate mitigation plan,
184,"City of San Carlos, Philippines",Philippines,"City of San Carlos, Philippines",Climate adaptation /resilience plan,2016
185,"City of San Carlos, Philippines",Philippines,"City of San Carlos, Philippines",Climate adaptation /resilience plan,2012
186,"City of San Carlos, Philippines",Philippines,"City of San Carlos, Philippines",Climate adaptation /resilience plan,2016
187,"City of San Carlos, Philippines",Philippines,"City of San Carlos, Philippines",Integrated climate plan,2014
188,"City of Zamboanga, Philippines",Philippines,"City of Zamboanga, Philippines",Climate adaptation /resilience plan,2016
189,"City of Zamboanga, Philippines",Philippines,"City of Zamboanga, Philippines",Climate mitigation plan,2016
190,"City of Zamboanga, Philippines",Philippines,"City of Zamboanga, Philippines",Integrated climate plan,2015
191,"City of Zamboanga, Philippines",Philippines,"City of Zamboanga, Philippines",,2016
192,"LGU of San Jose del Monte City, Philippines",Philippines,"LGU of San Jose del Monte City, Philippines",,
193,"LGU of San Jose del Monte City, Philippines",Philippines,"LGU of San Jose del Monte City, Philippines",,2014
194,"Pasig City Government, Philippines",Philippines,"Pasig City Government, Philippines",,2010
195,"Pasig City Government, Philippines",Philippines,"Pasig City Government, Philippines",,2012
196,"Tagum City, Philippines",Philippines,"Tagum City, Philippines",Climate adaptation /resilience plan,2013
197,"Tagum City, Philippines",Philippines,"Tagum City, Philippines",Climate adaptation /resilience plan,2014
198,"Tagum City, Philippines",Philippines,"Tagum City, Philippines",Integrated climate plan,2015
199,"Tagum City, Philippines",Philippines,"Tagum City, Philippines",Climate adaptation /resilience plan,
200,"Tagum City, Philippines",Philippines,"Tagum City, Philippines",Climate adaptation /resilience plan,2017
201,"Tarlac City Local Government, Philippines",Philippines,"Tarlac City Local Government, Philippines",Climate adaptation /resilience plan,
202,"Tarlac City Local Government, Philippines",Philippines,"Tarlac City Local Government, Philippines",Integrated climate plan,2017
203,"Municipality of Almada, Portugal",Portugal,"Municipality of Almada, Portugal",Climate mitigation plan,2018
204,"Municipality of Almada, Portugal",Portugal,"Municipality of Almada, Portugal",Climate adaptation /resilience plan,2018
205,"City of Changwon, Republic of Korea",Republic of Korea,"City of Changwon, Republic of Korea",Integrated climate plan,2018
206,"Seoul Metropolitan Government, Republic of Korea",Republic of Korea,"Seoul Metropolitan Government, Republic of Korea",Climate mitigation plan,2018
207,"Seoul Metropolitan Government, Republic of Korea",Republic of Korea,"Seoul Metropolitan Government, Republic of Korea",Climate adaptation /resilience plan,2018
208,"Cape Town Metropolitan Municipality, South Africa",South Africa,"Cape Town Metropolitan Municipality, South Africa",Climate mitigation plan,2011
209,"Cape Town Metropolitan Municipality, South Africa",South Africa,"Cape Town Metropolitan Municipality, South Africa",Climate adaptation /resilience plan,2011
210,"City of Johannesburg Metropolitan Municipality, South Africa",South Africa,"City of Johannesburg Metropolitan Municipality, South Africa",Climate adaptation /resilience plan,
211,"City of Johannesburg Metropolitan Municipality, South Africa",South Africa,"City of Johannesburg Metropolitan Municipality, South Africa",Climate mitigation plan,2012
212,"City of Johannesburg Metropolitan Municipality, South Africa",South Africa,"City of Johannesburg Metropolitan Municipality, South Africa",Integrated climate plan,2016
213,"City of Johannesburg Metropolitan Municipality, South Africa",South Africa,"City of Johannesburg Metropolitan Municipality, South Africa",Climate mitigation plan,2009
214,"Ekurhuleni Metropolitan Municipality, South Africa",South Africa,"Ekurhuleni Metropolitan Municipality, South Africa",Climate mitigation plan,2013
215,"Ekurhuleni Metropolitan Municipality, South Africa",South Africa,"Ekurhuleni Metropolitan Municipality, South Africa",Climate mitigation plan,2013
216,"KwaDukuza Local Municipality, South Africa",South Africa,"KwaDukuza Local Municipality, South Africa",Climate mitigation plan,2013
217,"KwaDukuza Local Municipality, South Africa",South Africa,"KwaDukuza Local Municipality, South Africa",,2016
218,"KwaDukuza Local Municipality, South Africa",South Africa,"KwaDukuza Local Municipality, South Africa",,2013
219,"KwaDukuza Local Municipality, South Africa",South Africa,"KwaDukuza Local Municipality, South Africa",Integrated climate plan,2013
220,"Msunduzi Local Municipality, South Africa",South Africa,"Msunduzi Local Municipality, South Africa",Climate adaptation /resilience plan,2017
221,"Msunduzi Local Municipality, South Africa",South Africa,"Msunduzi Local Municipality, South Africa",Climate mitigation plan,2015
222,"Msunduzi Local Municipality, South Africa",South Africa,"Msunduzi Local Municipality, South Africa",Integrated climate plan,2010
223,"Msunduzi Local Municipality, South Africa",South Africa,"Msunduzi Local Municipality, South Africa",Climate adaptation /resilience plan,
224,"Nelson Mandela Bay Metropolitan Municipality, South Africa",South Africa,"Nelson Mandela Bay Metropolitan Municipality, South Africa",Climate adaptation /resilience plan,2017
225,"eThekwini Metropolitan Municipality, South Africa",South Africa,"eThekwini Metropolitan Municipality, South Africa",Climate mitigation plan,2014
226,"eThekwini Metropolitan Municipality, South Africa",South Africa,"eThekwini Metropolitan Municipality, South Africa",Integrated climate plan,2015
227,"eThekwini Metropolitan Municipality, South Africa",South Africa,"eThekwini Metropolitan Municipality, South Africa",Climate adaptation /resilience plan,2018
228,"Municipality of Amurrio, Spain",Spain,"Municipality of Amurrio, Spain",Climate adaptation /resilience plan,2018
229,"Municipality of Amurrio, Spain",Spain,"Municipality of Amurrio, Spain",Climate mitigation plan,2014
230,"Municipality of Areatza, Spain",Spain,"Municipality of Areatza, Spain",Climate adaptation /resilience plan,2018
231,"Municipality of Areatza, Spain",Spain,"Municipality of Areatza, Spain",Climate mitigation plan,2018
232,"Municipality of Balmaseda, Spain",Spain,"Municipality of Balmaseda, Spain",Climate mitigation plan,2013
233,"Municipality of Bilbao, Spain",Spain,"Municipality of Bilbao, Spain",Climate adaptation /resilience plan,
234,"Municipality of Bilbao, Spain",Spain,"Municipality of Bilbao, Spain",Climate mitigation plan,2018
235,"Municipality of Durango, Spain",Spain,"Municipality of Durango, Spain",Integrated climate plan,2013
236,"Municipality of Errenteria, Spain",Spain,"Municipality of Errenteria, Spain",Climate adaptation /resilience plan,2014
237,"Municipality of Errenteria, Spain",Spain,"Municipality of Errenteria, Spain",Climate mitigation plan,2018
238,"Municipality of Legazpi, Spain",Spain,"Municipality of Legazpi, Spain",Climate adaptation /resilience plan,2018
239,"Municipality of Legazpi, Spain",Spain,"Municipality of Legazpi, Spain",Climate mitigation plan,2018
240,"Municipality of Madrid, Spain",Spain,"Municipality of Madrid, Spain",Climate mitigation plan,2014
241,"Municipality of Tolosa, Spain",Spain,"Municipality of Tolosa, Spain",Climate adaptation /resilience plan,2013
242,"Municipality of Tolosa, Spain",Spain,"Municipality of Tolosa, Spain",Climate mitigation plan,2018
243,"Municipality of Vitoria-Gasteiz, Spain",Spain,"Municipality of Vitoria-Gasteiz, Spain",Climate mitigation plan,2018
244,"Municipality of Vitoria-Gasteiz, Spain",Spain,"Municipality of Vitoria-Gasteiz, Spain",Climate adaptation /resilience plan,2018
245,"City of Malmö, Sweden",Sweden,"City of Malmö, Sweden",Climate adaptation /resilience plan,2017
246,"City of Malmö, Sweden",Sweden,"City of Malmö, Sweden",Climate mitigation plan,2016
247,"City of Malmö, Sweden",Sweden,"City of Malmö, Sweden",Climate mitigation plan,2015
248,"City of Stockholm, Sweden",Sweden,"City of Stockholm, Sweden",Climate mitigation plan,2016
249,"City of Stockholm, Sweden",Sweden,"City of Stockholm, Sweden",Climate adaptation /resilience plan,2016
250,"City of Stockholm, Sweden",Sweden,"City of Stockholm, Sweden",Climate mitigation plan,2016
251,"Kristianstad Municipality, Sweden",Sweden,"Kristianstad Municipality, Sweden",Climate adaptation /resilience plan,2017
252,"Kristianstad Municipality, Sweden",Sweden,"Kristianstad Municipality, Sweden",Climate mitigation plan,2017
253,"Lund Municipality, Sweden",Sweden,"Lund Municipality, Sweden",Climate mitigation plan,2016
254,"Lund Municipality, Sweden",Sweden,"Lund Municipality, Sweden",Climate mitigation plan,2014
255,"Umeå Municipality, Sweden",Sweden,"Umeå Municipality, Sweden",,2008
256,"Umeå Municipality, Sweden",Sweden,"Umeå Municipality, Sweden",,2010
257,"Umeå Municipality, Sweden",Sweden,"Umeå Municipality, Sweden",,2009
258,"Umeå Municipality, Sweden",Sweden,"Umeå Municipality, Sweden",Integrated climate plan,2012
259,"Umeå Municipality, Sweden",Sweden,"Umeå Municipality, Sweden",,2015
260,"Uppsala Municipality, Sweden",Sweden,"Uppsala Municipality, Sweden",Climate mitigation plan,2014
261,"Uppsala Municipality, Sweden",Sweden,"Uppsala Municipality, Sweden",Integrated climate plan,2016
262,"Uppsala Municipality, Sweden",Sweden,"Uppsala Municipality, Sweden",Integrated climate plan,2017
263,"Växjö Municipality, Sweden",Sweden,"Växjö Municipality, Sweden",Climate mitigation plan,2018
264,"Växjö Municipality, Sweden",Sweden,"Växjö Municipality, Sweden",Climate adaptation /resilience plan,2013
265,"Vårgårda Municipality, Sweden",Sweden,"Vårgårda Municipality, Sweden",Climate mitigation plan,2017
266,"Vårgårda Municipality, Sweden",Sweden,"Vårgårda Municipality, Sweden",Integrated climate plan,2015
267,"Örebro Municipality, Sweden",Sweden,"Örebro Municipality, Sweden",Climate mitigation plan,2016
268,"Örebro Municipality, Sweden",Sweden,"Örebro Municipality, Sweden",Integrated climate plan,2014
269,"Dar Es Salaam City Council, Tanzania",Tanzania,"Dar Es Salaam City Council, Tanzania",Integrated climate plan,2011
270,"Bangchak Sub District Municipality, Thailand",Thailand,"Bangchak Sub District Municipality, Thailand",Integrated climate plan,2017
271,"Hat Siao Sub-District municipality, Thailand",Thailand,"Hat Siao Sub-District municipality, Thailand",Integrated climate plan,2017
272,"Hat Yai City Municipality, Thailand",Thailand,"Hat Yai City Municipality, Thailand",Integrated climate plan,2017
273,"Huai Khao Kam Municipality, Thailand",Thailand,"Huai Khao Kam Municipality, Thailand",Climate mitigation plan,2017
274,"Huai Khao Kam Municipality, Thailand",Thailand,"Huai Khao Kam Municipality, Thailand",Climate mitigation plan,2014
275,"Kalangnakorn Town Municipality, Thailand",Thailand,"Kalangnakorn Town Municipality, Thailand",Climate mitigation plan,2012
276,"Kalangnakorn Town Municipality, Thailand",Thailand,"Kalangnakorn Town Municipality, Thailand",Climate mitigation plan,2017
277,"Map Ammarit Municipality, Thailand",Thailand,"Map Ammarit Municipality, Thailand",,2016
278,"Map Ammarit Municipality, Thailand",Thailand,"Map Ammarit Municipality, Thailand",,2013
279,"Map Ammarit Municipality, Thailand",Thailand,"Map Ammarit Municipality, Thailand",,2015
280,"Patong Municipality, Thailand",Thailand,"Patong Municipality, Thailand",Climate adaptation /resilience plan,2017
281,"Prix Municipality, Thailand",Thailand,"Prix Municipality, Thailand",Integrated climate plan,2017
282,"Ranong Town Municipality, Thailand",Thailand,"Ranong Town Municipality, Thailand",Integrated climate plan,2017
283,"Ranong Town Municipality, Thailand",Thailand,"Ranong Town Municipality, Thailand",Integrated climate plan,2016
284,"Ubonratchathani Municipality, Thailand",Thailand,"Ubonratchathani Municipality, Thailand",Climate mitigation plan,2017
285,"Yasothon Town Municipality, Thailand",Thailand,"Yasothon Town Municipality, Thailand",Climate mitigation plan,2017
286,"City of Gaziantep, Turkey",Turkey,"City of Gaziantep, Turkey",,2016
287,"City of Gaziantep, Turkey",Turkey,"City of Gaziantep, Turkey",,2016
288,"City of Gaziantep, Turkey",Turkey,"City of Gaziantep, Turkey",,2016
289,"City of Gaziantep, Turkey",Turkey,"City of Gaziantep, Turkey",,2016
290,"City of Gaziantep, Turkey",Turkey,"City of Gaziantep, Turkey",,2016
291,"Izmir Metropolitan Municipality, Turkey",Turkey,"Izmir Metropolitan Municipality, Turkey",Climate mitigation plan,2016
292,"Kampala Capital City Authority, Uganda",Uganda,"Kampala Capital City Authority, Uganda",Integrated climate plan,2015
293,"Kampala Capital City Authority, Uganda",Uganda,"Kampala Capital City Authority, Uganda",Climate mitigation plan,2015
294,"Bristol City Council, United Kingdom",United Kingdom,"Bristol City Council, United Kingdom",Climate mitigation plan,2018
295,"Bristol City Council, United Kingdom",United Kingdom,"Bristol City Council, United Kingdom",Climate adaptation /resilience plan,2018
296,"Greater Manchester Combined Authority, United Kingdom",United Kingdom,"Greater Manchester Combined Authority, United Kingdom",Climate mitigation plan,2018
297,"City and County of San Francisco, CA, United States",United States,"City and County of San Francisco, CA, United States",Climate mitigation plan,2013
298,"City of Alton, IL, United States",United States,"City of Alton, IL, United States",,2011
299,"City of Atlanta, GA, United States",United States,"City of Atlanta, GA, United States",,
300,"City of Boston, MA, United States",United States,"City of Boston, MA, United States",Climate adaptation /resilience plan,2014
301,"City of Boston, MA, United States",United States,"City of Boston, MA, United States",Climate mitigation plan,2013
302,"City of Chicago, IL, United States",United States,"City of Chicago, IL, United States",Integrated climate plan,2018
303,"City of Fort Collins, CO, United States",United States,"City of Fort Collins, CO, United States",,2015
304,"City of Minneapolis, United States",United States,"City of Minneapolis, United States",,2013
305,"City of New York, NY, United States",United States,"City of New York, NY, United States",Climate adaptation /resilience plan,2013
306,"City of New York, NY, United States",United States,"City of New York, NY, United States",Climate mitigation plan,2018
307,"City of Oakland, CA, United States",United States,"City of Oakland, CA, United States",Climate mitigation plan,2018
308,"City of Oakland, CA, United States",United States,"City of Oakland, CA, United States",Climate adaptation /resilience plan,2018
309,"City of Olympia, WA, United States",United States,"City of Olympia, WA, United States",,2014
310,"City of Philadelphia, PA, United States",United States,"City of Philadelphia, PA, United States",Integrated climate plan,2018
311,"City of Portland, OR, United States",United States,"City of Portland, OR, United States",Climate mitigation plan,2018
312,"City of San Antonio, United States",United States,"City of San Antonio, United States",,
313,"City of San Antonio, United States",United States,"City of San Antonio, United States",,
314,"City of San Antonio, United States",United States,"City of San Antonio, United States",,
315,"City of San Antonio, United States",United States,"City of San Antonio, United States",,
316,"City of San Antonio, United States",United States,"City of San Antonio, United States",,
317,"City of Santa Barbara, CA, United States",United States,"City of Santa Barbara, CA, United States",Integrated climate plan,2012
318,"City of Santa Cruz, United States",United States,"City of Santa Cruz, United States",,2012
319,"City of Santa Monica, CA, United States",United States,"City of Santa Monica, CA, United States",,2013
320,"City of Santa Monica, CA, United States",United States,"City of Santa Monica, CA, United States",,2011
321,"City of Santa Monica, CA, United States",United States,"City of Santa Monica, CA, United States",,2016
322,"City of Santa Monica, CA, United States",United States,"City of Santa Monica, CA, United States",,2013
323,"City of Seattle, WA, United States",United States,"City of Seattle, WA, United States",Integrated climate plan,2013
324,"City of Tacoma, WA, United States",United States,"City of Tacoma, WA, United States",,2008
325,"City of Tacoma, WA, United States",United States,"City of Tacoma, WA, United States",,2016
326,"City of Urbana, IL, United States",United States,"City of Urbana, IL, United States",Climate mitigation plan,2015
